<?xml version="1.0" encoding="UTF-8"?>
<GetTransactionResponse xmlns="http://fps.amazonaws.com/doc/2008-09-17/">
  <!--Optional:-->
  <GetTransactionResult>
    <!--Optional:-->
    <Transaction>
      <TransactionId>string</TransactionId>
      <CallerReference>string</CallerReference>
      <!--Optional:-->
      <CallerDescription>string</CallerDescription>
      <!--Optional:-->
      <SenderDescription>string</SenderDescription>
      <DateReceived>2008-09-28T18:49:45</DateReceived>
      <!--Optional:-->
      <DateCompleted>2014-09-18T16:18:33</DateCompleted>
      <TransactionAmount>
        <CurrencyCode>USD</CurrencyCode>
        <Value>string</Value>
      </TransactionAmount>
      <FPSFees>
        <CurrencyCode>USD</CurrencyCode>
        <Value>string</Value>
      </FPSFees>
      <!--Optional:-->
      <MarketplaceFees>
        <CurrencyCode>USD</CurrencyCode>
        <Value>string</Value>
      </MarketplaceFees>
      <FPSFeesPaidBy>Caller</FPSFeesPaidBy>
      <!--Optional:-->
      <SenderTokenId>string</SenderTokenId>
      <!--Optional:-->
      <RecipientTokenId>string</RecipientTokenId>
      <!--Optional:-->
      <PrepaidInstrumentId>string</PrepaidInstrumentId>
      <!--Optional:-->
      <CreditInstrumentId>string</CreditInstrumentId>
      <FPSOperation>FundPrepaid</FPSOperation>
      <PaymentMethod>Debt</PaymentMethod>
      <TransactionStatus>Failure</TransactionStatus>
      <!--Optional:-->
      <StatusCode>string</StatusCode>
      <!--Optional:-->
      <StatusMessage>string</StatusMessage>
      <!--Optional:-->
      <SenderName>string</SenderName>
      <!--Optional:-->
      <SenderEmail>string</SenderEmail>
      <CallerName>string</CallerName>
      <!--Optional:-->
      <RecipientName>string</RecipientName>
      <!--Optional:-->
      <RecipientEmail>string</RecipientEmail>
      <!--Zero or more repetitions:-->
      <RelatedTransaction>
        <TransactionId>string</TransactionId>
        <!--Optional:-->
        <RelationType>Refund</RelationType>
      </RelatedTransaction>
      <!--1 or more repetitions:-->
      <StatusHistory>
        <Date>2013-12-21T03:32:42-08:00</Date>
        <TransactionStatus>Failure</TransactionStatus>
        <!--Optional:-->
        <StatusCode>string</StatusCode>
        <Amount>
          <CurrencyCode>USD</CurrencyCode>
          <Value>string</Value>
        </Amount>
      </StatusHistory>
    </Transaction>
  </GetTransactionResult>
  <ResponseMetadata>
    <RequestId>string</RequestId>
  </ResponseMetadata>
</GetTransactionResponse>