<?xml version="1.0" encoding="UTF-8"?>
<GetTotalPrepaidLiabilityResponse xmlns="http://fps.amazonaws.com/doc/2008-09-17/">
  <!--Optional:-->
  <GetTotalPrepaidLiabilityResult>
    <!--Optional:-->
    <OutstandingPrepaidLiability>
      <OutstandingBalance>
        <CurrencyCode>USD</CurrencyCode>
        <Value>string</Value>
      </OutstandingBalance>
      <!--Optional:-->
      <PendingInBalance>
        <CurrencyCode>USD</CurrencyCode>
        <Value>string</Value>
      </PendingInBalance>
    </OutstandingPrepaidLiability>
  </GetTotalPrepaidLiabilityResult>
  <ResponseMetadata>
    <RequestId>string</RequestId>
  </ResponseMetadata>
</GetTotalPrepaidLiabilityResponse>